timestamp,EOS/USD,LTC/USD
2019-07-27 18:00:00,4.2045,87.365
2019-07-27 19:00:00,4.2341,87.885
2019-07-27 20:00:00,4.2471,88.333
2019-07-27 21:00:00,4.29614519,89.072
2019-07-27 22:00:00,4.2559,88.45
2019-07-27 23:00:00,4.2649,88.633
2019-07-28 00:00:00,4.2399,88.165
2019-07-28 01:00:00,4.2929,88.671
2019-07-28 02:00:00,4.2756,88.301
2019-07-28 03:00:00,4.2566,88.288
2019-07-28 04:00:00,4.305,89.3
2019-07-28 05:00:00,4.3025,89.02799999999998
2019-07-28 06:00:00,4.3032,89.7
2019-07-28 07:00:00,4.2771,89.45200000000001
2019-07-28 08:00:00,4.2921,89.322
2019-07-28 09:00:00,4.2321,88.44
2019-07-28 10:00:00,4.2382,88.29
2019-07-28 11:00:00,4.2873,89.08
2019-07-28 12:00:00,4.2663,88.87700000000002
2019-07-28 13:00:00,4.25,88.946
2019-07-28 14:00:00,4.2525,88.645
2019-07-28 15:00:00,4.2860000000000005,89.064
2019-07-28 16:00:00,4.2848,89.49799999999998
2019-07-28 17:00:00,4.2815,89.76799999999999
2019-07-28 18:00:00,4.257,89.661
2019-07-28 19:00:00,4.2704,89.495
2019-07-28 20:00:00,4.2762,89.329
2019-07-28 21:00:00,4.2428,88.329
2019-07-28 22:00:00,4.1461,87.927
2019-07-28 23:00:00,4.2674,89.93299999999998
2019-07-29 00:00:00,4.25,89.48100000000002
2019-07-29 01:00:00,4.3177,90.722
2019-07-29 02:00:00,4.2971,90.449
2019-07-29 03:00:00,4.2869,90.367
2019-07-29 04:00:00,4.2981,90.83
2019-07-29 05:00:00,4.2596,89.96700000000001
2019-07-29 06:00:00,4.2736,90.079
2019-07-29 07:00:00,4.2512,90.377
2019-07-29 08:00:00,4.2223,89.90899999999998
2019-07-29 09:00:00,4.1447,88.684
2019-07-29 10:00:00,4.1597,89.13600000000002
2019-07-29 11:00:00,4.1455,88.90100000000002
2019-07-29 12:00:00,4.2192,89.792
2019-07-29 13:00:00,4.1794,89.476
2019-07-29 14:00:00,4.16962539,89.012
2019-07-29 15:00:00,4.1757,89.27
2019-07-29 16:00:00,4.1976,90.251
2019-07-29 17:00:00,4.1618,90.225
2019-07-29 18:00:00,4.1707,90.276
2019-07-29 19:00:00,4.1389999999999985,90.115
2019-07-29 20:00:00,4.1735,90.868
2019-07-29 21:00:00,4.1875,90.687
2019-07-29 22:00:00,4.1939,91.111
2019-07-29 23:00:00,4.2054,90.413
2019-07-30 00:00:00,4.2183,90.386
2019-07-30 01:00:00,4.1514,89.6
2019-07-30 02:00:00,4.1583,88.742
2019-07-30 03:00:00,4.1634,88.97200000000002
2019-07-30 04:00:00,4.1517,89.20200000000001
2019-07-30 05:00:00,4.159,89.116
2019-07-30 06:00:00,4.1594,89.54899999999998
2019-07-30 07:00:00,4.1646,89.25200000000002
2019-07-30 08:00:00,4.1589,89.411
2019-07-30 09:00:00,4.1674,89.21799999999998
2019-07-30 10:00:00,4.1873,89.935
2019-07-30 11:00:00,4.20960922,90.218
2019-07-30 12:00:00,4.2133,90.166
2019-07-30 13:00:00,4.1902,90.211
2019-07-30 14:00:00,4.2068,90.301
2019-07-30 15:00:00,4.2565,91.86
2019-07-30 16:00:00,4.2581,91.622
2019-07-30 17:00:00,4.2229,90.878
2019-07-30 18:00:00,4.2199,91.286
2019-07-30 19:00:00,4.1933,90.753
2019-07-30 20:00:00,4.1742,90.119
2019-07-30 21:00:00,4.1848,90.406
2019-07-30 22:00:00,4.1997,90.578
2019-07-30 23:00:00,4.2062,90.285
2019-07-31 00:00:00,4.251,91.516
2019-07-31 01:00:00,4.253,91.45
2019-07-31 02:00:00,4.2199,90.937
2019-07-31 03:00:00,4.2252,91.074
2019-07-31 04:00:00,4.2309,91.798
2019-07-31 05:00:00,4.2362,92.218
2019-07-31 06:00:00,4.2481,92.52
2019-07-31 07:00:00,4.2353,92.142
2019-07-31 08:00:00,4.2463,92.68
2019-07-31 09:00:00,4.2317,92.992
2019-07-31 10:00:00,4.2418,93.329
2019-07-31 11:00:00,4.2392,93.241
2019-07-31 12:00:00,4.2815,95.913
2019-07-31 13:00:00,4.315,96.547
2019-07-31 14:00:00,4.3332,95.731
2019-07-31 15:00:00,4.35483331,96.2
2019-07-31 16:00:00,4.3076,95.349
2019-07-31 17:00:00,4.3319,96.594
2019-07-31 18:00:00,4.3159,98.368
2019-07-31 19:00:00,4.3249,97.796
2019-07-31 20:00:00,4.3394,98.416
2019-07-31 21:00:00,4.3278,99.752
2019-07-31 22:00:00,4.3888,98.997
2019-07-31 23:00:00,4.4253,98.862
2019-08-01 00:00:00,4.3819,97.7
2019-08-01 01:00:00,4.3566,97.321
2019-08-01 02:00:00,4.3731,97.171
2019-08-01 03:00:00,4.3479,96.937
2019-08-01 04:00:00,4.3331,96.853
2019-08-01 05:00:00,4.2485,96.438
2019-08-01 06:00:00,4.2702,96.727
2019-08-01 07:00:00,4.28463449,97.06
2019-08-01 08:00:00,4.265,96.907
2019-08-01 09:00:00,4.2658,96.6
2019-08-01 10:00:00,4.263,98.177
2019-08-01 11:00:00,4.2624,98.462
2019-08-01 12:00:00,4.3,97.16
2019-08-01 13:00:00,4.3115,97.599
2019-08-01 14:00:00,4.2577,98.63
2019-08-01 15:00:00,4.2781,99.271
2019-08-01 16:00:00,4.2685,99.962
2019-08-01 17:00:00,4.2864,99.306
2019-08-01 18:00:00,4.2979,98.845
2019-08-01 19:00:00,4.2941131,98.737
2019-08-01 20:00:00,4.34,98.95
2019-08-01 21:00:00,4.3291,98.844
2019-08-01 22:00:00,4.3124,97.72
2019-08-01 23:00:00,4.31,97.743
2019-08-02 00:00:00,4.2817,97.278
2019-08-02 01:00:00,4.2778,96.49
2019-08-02 02:00:00,4.2927,96.82
2019-08-02 03:00:00,4.263,97.335
2019-08-02 04:00:00,4.2694,97.845
2019-08-02 05:00:00,4.2988,98.292
2019-08-02 06:00:00,4.32,97.508
2019-08-02 07:00:00,4.3244,96.991
2019-08-02 08:00:00,4.3053,97.3
2019-08-02 09:00:00,4.2944,97.072
2019-08-02 10:00:00,4.3038,97.26
2019-08-02 11:00:00,4.2883,97.122
2019-08-02 12:00:00,4.3119,97.04
2019-08-02 13:00:00,4.305,96.401
2019-08-02 14:00:00,4.3114,93.832
2019-08-02 15:00:00,4.2966,93.99
2019-08-02 16:00:00,4.13162074,93.813
2019-08-02 17:00:00,4.1424,93.248
2019-08-02 18:00:00,4.1518,93.749
2019-08-02 19:00:00,4.1413,93.674
2019-08-02 20:00:00,4.1159,94.675
2019-08-02 21:00:00,4.141,94.729
2019-08-02 22:00:00,4.1643,94.149
2019-08-02 23:00:00,4.1816,95.402
2019-08-03 00:00:00,4.1905,95.9
2019-08-03 01:00:00,4.2955,95.723
2019-08-03 02:00:00,4.31,95.48
2019-08-03 03:00:00,4.2837,94.703
2019-08-03 04:00:00,4.303,95.323
2019-08-03 05:00:00,4.2889,95.828
2019-08-03 06:00:00,4.3,95.0
2019-08-03 07:00:00,4.302,94.458
2019-08-03 08:00:00,4.2902,95.286
2019-08-03 09:00:00,4.2727,95.133
2019-08-03 10:00:00,4.2739,95.274
2019-08-03 11:00:00,4.2766,95.301
2019-08-03 12:00:00,4.2612,95.164
2019-08-03 13:00:00,4.28,94.744
2019-08-03 14:00:00,4.2941,95.224
2019-08-03 15:00:00,4.2617,95.425
2019-08-03 16:00:00,4.3057,95.095
2019-08-03 17:00:00,4.3143,94.852
2019-08-03 18:00:00,4.2992,94.711
2019-08-03 19:00:00,4.2937,94.002
2019-08-03 20:00:00,4.2817,94.215
2019-08-03 21:00:00,4.2729,94.198
2019-08-03 22:00:00,4.2743,94.714
2019-08-03 23:00:00,4.2866,94.538
2019-08-04 00:00:00,4.2946,93.831
2019-08-04 01:00:00,4.2913,91.184
2019-08-04 02:00:00,4.2643,91.341
2019-08-04 03:00:00,4.245,91.383
2019-08-04 04:00:00,4.2012,92.062
2019-08-04 05:00:00,4.20556219,91.682
2019-08-04 06:00:00,4.2205,92.088
2019-08-04 07:00:00,4.2153,92.098
2019-08-04 08:00:00,4.21288029,91.879
2019-08-04 09:00:00,4.23501131,91.886
2019-08-04 10:00:00,4.2426,91.47
2019-08-04 11:00:00,4.2091,93.003
2019-08-04 12:00:00,4.2037,93.987
2019-08-04 13:00:00,4.22207482,93.403
2019-08-04 14:00:00,4.2639999999999985,93.704
2019-08-04 15:00:00,4.2555,93.158
2019-08-04 16:00:00,4.2475,93.174
2019-08-04 17:00:00,4.2212,92.649
2019-08-04 18:00:00,4.2426,92.645
2019-08-04 19:00:00,4.23313224,92.836
2019-08-04 20:00:00,4.2398,92.92
2019-08-04 21:00:00,4.2251,93.033
2019-08-04 22:00:00,4.2279,95.136
2019-08-04 23:00:00,4.2414,95.285
2019-08-05 00:00:00,4.2783,95.414
2019-08-05 01:00:00,4.288,95.031
2019-08-05 02:00:00,4.3659,94.789
2019-08-05 03:00:00,4.363,94.72
2019-08-05 04:00:00,4.3381,94.351
2019-08-05 05:00:00,4.3389,94.85
2019-08-05 06:00:00,4.3433,97.363
2019-08-05 07:00:00,4.3359,98.484
2019-08-05 08:00:00,4.3393,101.91
2019-08-05 09:00:00,4.3538,102.29
2019-08-05 10:00:00,4.4171,100.88
2019-08-05 11:00:00,4.4402,98.144
2019-08-05 12:00:00,4.424,99.038
2019-08-05 13:00:00,4.39313726,98.872
2019-08-05 14:00:00,4.4161,100.0
2019-08-05 15:00:00,4.4307,99.5
2019-08-05 16:00:00,4.5626,98.578
2019-08-05 17:00:00,4.5112,98.014
2019-08-05 18:00:00,4.5299,97.433
2019-08-05 19:00:00,4.5149,98.296
2019-08-05 20:00:00,4.4761,97.922
2019-08-05 21:00:00,4.5077,96.594
2019-08-05 22:00:00,4.5005,96.107
2019-08-05 23:00:00,4.46165344,95.317
2019-08-06 00:00:00,4.442,95.517
2019-08-06 01:00:00,4.3848,95.758
2019-08-06 02:00:00,4.4030000000000005,95.77
2019-08-06 03:00:00,4.4401,96.593
2019-08-06 04:00:00,4.4279,98.19
2019-08-06 05:00:00,4.434,97.596
2019-08-06 06:00:00,4.4799,97.103
2019-08-06 07:00:00,4.4605,97.748
2019-08-06 08:00:00,4.4482,95.29
2019-08-06 09:00:00,4.46635148,95.237
2019-08-06 10:00:00,4.352,95.015
2019-08-06 11:00:00,4.3422,95.58
2019-08-06 12:00:00,4.3229,95.077
2019-08-06 13:00:00,4.347,94.338
2019-08-06 14:00:00,4.3246,95.12
2019-08-06 15:00:00,4.312,94.411
2019-08-06 16:00:00,4.3265,93.636
2019-08-06 17:00:00,4.2612,92.339
2019-08-06 18:00:00,4.2342,92.686
2019-08-06 19:00:00,4.1329,92.273
2019-08-06 20:00:00,4.169,92.1
2019-08-06 21:00:00,4.1629,93.066
2019-08-06 22:00:00,4.1778,92.639
2019-08-06 23:00:00,4.1937,92.575
2019-08-07 00:00:00,4.2004,93.001
2019-08-07 01:00:00,4.2019,93.189
2019-08-07 02:00:00,4.2017,93.292
2019-08-07 03:00:00,4.2034,92.722
2019-08-07 04:00:00,4.2095,92.214
2019-08-07 05:00:00,4.18487124,92.194
2019-08-07 06:00:00,4.1885,92.156
2019-08-07 07:00:00,4.17316726,92.347
2019-08-07 08:00:00,4.1782,92.006
2019-08-07 09:00:00,4.23017088,92.758
2019-08-07 10:00:00,4.2195,93.159
2019-08-07 11:00:00,4.2421,93.366
2019-08-07 12:00:00,4.2403,93.586
2019-08-07 13:00:00,4.2523,91.094
2019-08-07 14:00:00,4.2474,89.118
2019-08-07 15:00:00,4.19039916,90.424
2019-08-07 16:00:00,4.1915,90.025
2019-08-07 17:00:00,4.20603104,89.559
2019-08-07 18:00:00,4.2005,89.756
2019-08-07 19:00:00,4.2019,91.176
2019-08-07 20:00:00,4.2410000000000005,91.903
2019-08-07 21:00:00,4.2628,90.703
2019-08-07 22:00:00,4.2337,90.747
2019-08-07 23:00:00,4.2304,90.331
2019-08-08 00:00:00,4.2356,91.414
2019-08-08 01:00:00,4.2151,91.392
2019-08-08 02:00:00,4.2247,90.689
2019-08-08 03:00:00,4.23,90.43
2019-08-08 04:00:00,4.2166,89.75
2019-08-08 05:00:00,4.1984,90.492
2019-08-08 06:00:00,4.2078,90.542
2019-08-08 07:00:00,4.2176,90.333
2019-08-08 08:00:00,4.2228,90.228
2019-08-08 09:00:00,4.1960000000000015,89.90799999999999
2019-08-08 10:00:00,4.1984,90.103
2019-08-08 11:00:00,4.1921,88.56700000000002
2019-08-08 12:00:00,4.1966,89.03
2019-08-08 13:00:00,4.1414,88.57799999999996
2019-08-08 14:00:00,4.1532,89.771
2019-08-08 15:00:00,4.1326,90.314
2019-08-08 16:00:00,4.1436,90.496
2019-08-08 17:00:00,4.1385,89.675
2019-08-08 18:00:00,4.1534,89.258
2019-08-08 19:00:00,4.1275,90.643
2019-08-08 20:00:00,4.143,90.327
2019-08-08 21:00:00,4.16148465,90.578
2019-08-08 22:00:00,4.1805,90.325
2019-08-08 23:00:00,4.1772,89.665
2019-08-09 00:00:00,4.1892,90.012
2019-08-09 01:00:00,4.177,89.42299999999999
2019-08-09 02:00:00,4.1796,89.444
2019-08-09 03:00:00,4.1548,89.15799999999999
2019-08-09 04:00:00,4.1506,89.18
2019-08-09 05:00:00,4.1492,88.617
2019-08-09 06:00:00,4.1497,88.648
2019-08-09 07:00:00,4.1163,86.432
2019-08-09 08:00:00,4.1,85.148
2019-08-09 09:00:00,3.932,85.54
2019-08-09 10:00:00,3.90854263,85.8
2019-08-09 11:00:00,3.9115,86.413
2019-08-09 12:00:00,3.919,85.62299999999998
2019-08-09 13:00:00,3.9383,85.259
2019-08-09 14:00:00,3.9279,84.895
2019-08-09 15:00:00,3.8968,83.647
2019-08-09 16:00:00,3.9051,83.5
2019-08-09 17:00:00,3.8848,84.334
2019-08-09 18:00:00,3.8787,84.804
2019-08-09 19:00:00,3.9054,85.25
2019-08-09 20:00:00,3.9069,84.15700000000002
2019-08-09 21:00:00,3.9327,84.43
2019-08-09 22:00:00,3.8986,86.29
2019-08-09 23:00:00,3.9096,86.00299999999999
2019-08-10 00:00:00,4.0518,85.569
2019-08-10 01:00:00,4.0409,86.604
2019-08-10 02:00:00,3.9905,86.305
2019-08-10 03:00:00,4.0229,86.01299999999998
2019-08-10 04:00:00,4.0137,86.191
2019-08-10 05:00:00,4.0198,85.27
2019-08-10 06:00:00,4.0124,85.525
2019-08-10 07:00:00,4.0086,85.801
2019-08-10 08:00:00,4.0256,85.492
2019-08-10 09:00:00,4.0277,83.03299999999999
2019-08-10 10:00:00,4.0308,83.9
2019-08-10 11:00:00,3.9206,83.711
2019-08-10 12:00:00,3.9583,83.175
2019-08-10 13:00:00,3.9482,83.21700000000001
2019-08-10 14:00:00,3.9378,84.208
2019-08-10 15:00:00,3.9279,86.835
2019-08-10 16:00:00,3.9502,86.056
2019-08-10 17:00:00,4.0546,86.45
2019-08-10 18:00:00,4.09205309,86.65
2019-08-10 19:00:00,4.0855,85.759
2019-08-10 20:00:00,4.0926,85.85700000000001
2019-08-10 21:00:00,4.0859,85.42399999999998
2019-08-10 22:00:00,4.0816,86.398
2019-08-10 23:00:00,4.0664,86.109
2019-08-11 00:00:00,4.1727,86.443
2019-08-11 01:00:00,4.1448,86.545
2019-08-11 02:00:00,4.1282,86.52799999999998
2019-08-11 03:00:00,4.1282,86.39399999999998
2019-08-11 04:00:00,4.1282,86.62799999999999
2019-08-11 05:00:00,4.1305,86.611
2019-08-11 06:00:00,4.1297,86.60799999999998
2019-08-11 07:00:00,4.1507,87.789
2019-08-11 08:00:00,4.1331,87.57
2019-08-11 09:00:00,4.151,87.741
2019-08-11 10:00:00,4.1528,88.167
2019-08-11 11:00:00,4.1762,87.759
2019-08-11 12:00:00,4.1615,88.031
2019-08-11 13:00:00,4.14,88.579
2019-08-11 14:00:00,4.1367,90.5
2019-08-11 15:00:00,4.1166,90.996
2019-08-11 16:00:00,4.1679,90.513
2019-08-11 17:00:00,4.2232,90.869
2019-08-11 18:00:00,4.2245,90.93
2019-08-11 19:00:00,4.2222,89.883
2019-08-11 20:00:00,4.2182,90.087
2019-08-11 21:00:00,4.2008,90.088
2019-08-11 22:00:00,4.2035,89.125
2019-08-11 23:00:00,4.2017,88.979
2019-08-12 00:00:00,4.1763,88.31200000000004
2019-08-12 01:00:00,4.1515,88.79
2019-08-12 02:00:00,4.1391,88.60799999999998
2019-08-12 03:00:00,4.1484,87.289
2019-08-12 04:00:00,4.1379,87.189
2019-08-12 05:00:00,4.1245,87.12
2019-08-12 06:00:00,4.1196,86.656
2019-08-12 07:00:00,4.1404,86.90899999999998
2019-08-12 08:00:00,4.1160000000000005,87.125
2019-08-12 09:00:00,4.1305,86.212
2019-08-12 10:00:00,4.1473,87.023
2019-08-12 11:00:00,4.1233,87.508
2019-08-12 12:00:00,4.1239,86.728
2019-08-12 13:00:00,4.1305,87.0
2019-08-12 14:00:00,4.1231,85.836
2019-08-12 15:00:00,4.1400556,85.785
2019-08-12 16:00:00,4.13998813,86.101
2019-08-12 17:00:00,4.1338,86.226
2019-08-12 18:00:00,4.1145,86.024
2019-08-12 19:00:00,4.13856287,85.96600000000002
2019-08-12 20:00:00,4.1318,86.101
2019-08-12 21:00:00,4.1269,85.916
2019-08-12 22:00:00,4.1372,85.258
2019-08-12 23:00:00,4.1349,85.228
2019-08-13 00:00:00,4.1293,85.225
2019-08-13 01:00:00,4.1134,84.898
2019-08-13 02:00:00,4.0943,84.476
2019-08-13 03:00:00,4.05665305,85.184
2019-08-13 04:00:00,4.04106178,85.15899999999998
2019-08-13 05:00:00,4.0637,85.89299999999999
2019-08-13 06:00:00,4.055,85.238
2019-08-13 07:00:00,4.0637,85.444
2019-08-13 08:00:00,4.0509,85.89399999999998
2019-08-13 09:00:00,4.053,86.382
2019-08-13 10:00:00,4.0594,85.834
2019-08-13 11:00:00,4.0815,84.831
2019-08-13 12:00:00,4.0634,84.633
2019-08-13 13:00:00,4.0431,84.5
2019-08-13 14:00:00,4.0284,85.774
2019-08-13 15:00:00,4.0313,84.979
2019-08-13 16:00:00,4.0403,83.805
2019-08-13 17:00:00,4.1037,84.229
2019-08-13 18:00:00,4.0829,84.309
2019-08-13 19:00:00,4.0977,83.777
2019-08-13 20:00:00,4.093,84.33
2019-08-13 21:00:00,4.0695765,84.725
2019-08-13 22:00:00,4.0849,84.439
2019-08-13 23:00:00,4.078,84.85799999999998
2019-08-14 00:00:00,4.0601,85.149
2019-08-14 01:00:00,4.0835,86.09
2019-08-14 02:00:00,4.1153,85.40100000000002
2019-08-14 03:00:00,4.12506005,84.93799999999997
2019-08-14 04:00:00,4.1124,85.36399999999998
2019-08-14 05:00:00,4.1074,84.978
2019-08-14 06:00:00,4.118,84.36200000000002
2019-08-14 07:00:00,4.0998,83.559
2019-08-14 08:00:00,4.0642,83.598
2019-08-14 09:00:00,4.0457,83.4
2019-08-14 10:00:00,4.032,83.039
2019-08-14 11:00:00,4.0489,82.679
2019-08-14 12:00:00,4.0319,82.303
2019-08-14 13:00:00,4.02874673,82.65100000000002
2019-08-14 14:00:00,4.0093,78.601
2019-08-14 15:00:00,4.0105,78.057
2019-08-14 16:00:00,3.7358,77.093
2019-08-14 17:00:00,3.6872,76.967
2019-08-14 18:00:00,3.6545,77.204
2019-08-14 19:00:00,3.643,77.415
2019-08-14 20:00:00,3.6812,78.07
2019-08-14 21:00:00,3.6988,76.05199999999998
2019-08-14 22:00:00,3.7201,77.314
2019-08-14 23:00:00,3.6769,76.977
2019-08-15 00:00:00,3.7065,76.571
2019-08-15 01:00:00,3.6898,75.32300000000002
2019-08-15 02:00:00,3.67598225,73.446
2019-08-15 03:00:00,3.6041,73.508
2019-08-15 04:00:00,3.466,72.96600000000002
2019-08-15 05:00:00,3.4869,74.452
2019-08-15 06:00:00,3.4905,74.28699999999998
2019-08-15 07:00:00,3.5567,75.204
2019-08-15 08:00:00,3.5486,75.398
2019-08-15 09:00:00,3.5866,76.494
2019-08-15 10:00:00,3.5787,75.05
2019-08-15 11:00:00,3.6061,75.583
2019-08-15 12:00:00,3.548,75.658
2019-08-15 13:00:00,3.5580000000000003,76.997
2019-08-15 14:00:00,3.5514,76.618
2019-08-15 15:00:00,3.5928,76.15899999999998
2019-08-15 16:00:00,3.61272991,76.111
2019-08-15 17:00:00,3.6158,76.188
2019-08-15 18:00:00,3.6188,76.42399999999998
2019-08-15 19:00:00,3.6242,76.688
2019-08-15 20:00:00,3.6506,76.96
2019-08-15 21:00:00,3.643,76.422
2019-08-15 22:00:00,3.6507,75.721
2019-08-15 23:00:00,3.6307,76.077
2019-08-16 00:00:00,3.6168,76.013
2019-08-16 01:00:00,3.6299,75.992
2019-08-16 02:00:00,3.6129,74.92699999999998
2019-08-16 03:00:00,3.5936,74.464
2019-08-16 04:00:00,3.5552,74.332
2019-08-16 05:00:00,3.5162,73.525
2019-08-16 06:00:00,3.534,74.44
2019-08-16 07:00:00,3.5282,74.359
2019-08-16 08:00:00,3.564,74.426
2019-08-16 09:00:00,3.5679,74.236
2019-08-16 10:00:00,3.5547,74.86
2019-08-16 11:00:00,3.5459,73.875
2019-08-16 12:00:00,3.5665,74.029
2019-08-16 13:00:00,3.5507,75.622
2019-08-16 14:00:00,3.5433,75.334
2019-08-16 15:00:00,3.619,74.865
2019-08-16 16:00:00,3.6037,75.36
2019-08-16 17:00:00,3.5959,75.75
2019-08-16 18:00:00,3.6087,75.5
2019-08-16 19:00:00,3.604,75.709
2019-08-16 20:00:00,3.6149,75.118
2019-08-16 21:00:00,3.6262,74.965
2019-08-16 22:00:00,3.613,74.477
2019-08-16 23:00:00,3.5894,75.089
2019-08-17 00:00:00,3.5665,74.827
2019-08-17 01:00:00,3.5957,74.315
2019-08-17 02:00:00,3.5719,74.322
2019-08-17 03:00:00,3.5829,74.77199999999998
2019-08-17 04:00:00,3.58684196,74.47800000000002
2019-08-17 05:00:00,3.6103,74.222
2019-08-17 06:00:00,3.5933,74.163
2019-08-17 07:00:00,3.5991,74.33
2019-08-17 08:00:00,3.5995,73.694
2019-08-17 09:00:00,3.6102,73.53
2019-08-17 10:00:00,3.5795,73.72800000000002
2019-08-17 11:00:00,3.56787041,74.158
2019-08-17 12:00:00,3.5749,73.759
2019-08-17 13:00:00,3.5782,73.836
2019-08-17 14:00:00,3.5645,72.67699999999998
2019-08-17 15:00:00,3.5591,72.16
2019-08-17 16:00:00,3.5324,72.783
2019-08-17 17:00:00,3.5223,72.85300000000002
2019-08-17 18:00:00,3.53,72.385
2019-08-17 19:00:00,3.55124062,72.434
2019-08-17 20:00:00,3.50873689,73.061
2019-08-17 21:00:00,3.5341,72.805
2019-08-17 22:00:00,3.5774,72.678
2019-08-17 23:00:00,3.5593,72.377
2019-08-18 00:00:00,3.5518,72.26100000000002
2019-08-18 01:00:00,3.5407,72.199
2019-08-18 02:00:00,3.5487,72.494
2019-08-18 03:00:00,3.5410000000000004,72.631
2019-08-18 04:00:00,3.5382,73.186
2019-08-18 05:00:00,3.5454,72.984
2019-08-18 06:00:00,3.5452377,72.569
2019-08-18 07:00:00,3.54,73.15100000000002
2019-08-18 08:00:00,3.5348,76.077
2019-08-18 09:00:00,3.5523,77.145
2019-08-18 10:00:00,3.6288,76.53399999999998
2019-08-18 11:00:00,3.6446,77.00399999999998
2019-08-18 12:00:00,3.6869,76.291
2019-08-18 13:00:00,3.7208,76.414
2019-08-18 14:00:00,3.694,77.5
2019-08-18 15:00:00,3.7017,77.476
2019-08-18 16:00:00,3.7311,77.041
2019-08-18 17:00:00,3.7326,77.02199999999998
2019-08-18 18:00:00,3.7296,77.612
2019-08-18 19:00:00,3.74829504,77.917
2019-08-18 20:00:00,3.7367,76.923
2019-08-18 21:00:00,3.7363,76.486
2019-08-18 22:00:00,3.7067,76.493
2019-08-18 23:00:00,3.6954,76.683
2019-08-19 00:00:00,3.6852,76.689
2019-08-19 01:00:00,3.6883,76.882
2019-08-19 02:00:00,3.7051,76.57
2019-08-19 03:00:00,3.7147,76.473
2019-08-19 04:00:00,3.7019,77.234
2019-08-19 05:00:00,3.6849,78.84100000000002
2019-08-19 06:00:00,3.7227,78.263
2019-08-19 07:00:00,3.772,77.49600000000002
2019-08-19 08:00:00,3.7425,78.227
2019-08-19 09:00:00,3.731,77.92399999999998
2019-08-19 10:00:00,3.75353777,77.723
2019-08-19 11:00:00,3.746,78.087
2019-08-19 12:00:00,3.7363,77.873
2019-08-19 13:00:00,3.7414,77.223
2019-08-19 14:00:00,3.7568,76.07
2019-08-19 15:00:00,3.7378,76.388
2019-08-19 16:00:00,3.6839,76.75
2019-08-19 17:00:00,3.6898,76.456
2019-08-19 18:00:00,3.69828897,75.863
2019-08-19 19:00:00,3.672,76.236
2019-08-19 20:00:00,3.681,76.97
2019-08-19 21:00:00,3.6928,77.217
2019-08-19 22:00:00,3.7054,76.551
2019-08-19 23:00:00,3.7263,76.782
2019-08-20 00:00:00,3.6971,76.91199999999998
2019-08-20 01:00:00,3.6991,76.13
2019-08-20 02:00:00,3.7036,76.88600000000002
2019-08-20 03:00:00,3.6736,76.12100000000002
2019-08-20 04:00:00,3.687,76.107
2019-08-20 05:00:00,3.6911,76.483
2019-08-20 06:00:00,3.6971,75.678
2019-08-20 07:00:00,3.7027,75.84
2019-08-20 08:00:00,3.6585,75.55199999999998
2019-08-20 09:00:00,3.648,75.669
2019-08-20 10:00:00,3.64,75.14
2019-08-20 11:00:00,3.6448,75.14
2019-08-20 12:00:00,3.6318,73.949
2019-08-20 13:00:00,3.635,74.721
2019-08-20 14:00:00,3.6101,74.711
2019-08-20 15:00:00,3.65914632,75.086
2019-08-20 16:00:00,3.6566,75.523
2019-08-20 17:00:00,3.6445,75.355
2019-08-20 18:00:00,3.65371185,75.236
2019-08-20 19:00:00,3.6445,75.878
2019-08-20 20:00:00,3.6715,75.915
2019-08-20 21:00:00,3.7032,75.292
2019-08-20 22:00:00,3.7135,74.98100000000002
2019-08-20 23:00:00,3.6773,75.389
2019-08-21 00:00:00,3.663,74.683
2019-08-21 01:00:00,3.6804,74.286
2019-08-21 02:00:00,3.65906129,73.55
2019-08-21 03:00:00,3.5872,73.70100000000002
2019-08-21 04:00:00,3.5875,73.484
2019-08-21 05:00:00,3.6016,72.0
2019-08-21 06:00:00,3.6019,72.436
2019-08-21 07:00:00,3.5615,72.574
2019-08-21 08:00:00,3.5736,71.937
2019-08-21 09:00:00,3.5709,72.26100000000002
2019-08-21 10:00:00,3.5692,70.789
2019-08-21 11:00:00,3.5765,70.702
2019-08-21 12:00:00,3.4389,71.337
2019-08-21 13:00:00,3.4422,71.40899999999998
2019-08-21 14:00:00,3.46,73.181
2019-08-21 15:00:00,3.4253,73.16
2019-08-21 16:00:00,3.4925,72.652
2019-08-21 17:00:00,3.5023,73.63600000000002
2019-08-21 18:00:00,3.4947,73.759
2019-08-21 19:00:00,3.5099,73.22800000000002
2019-08-21 20:00:00,3.5171,73.134
2019-08-21 21:00:00,3.4893,73.158
2019-08-21 22:00:00,3.49368558,73.096
2019-08-21 23:00:00,3.5113,71.486
2019-08-22 00:00:00,3.5294,72.065
2019-08-22 01:00:00,3.46427008,71.655
2019-08-22 02:00:00,3.4921,72.86
2019-08-22 03:00:00,3.48,72.536
2019-08-22 04:00:00,3.49,72.916
2019-08-22 05:00:00,3.4949,72.62100000000002
2019-08-22 06:00:00,3.5009,72.738
2019-08-22 07:00:00,3.4945,73.043
2019-08-22 08:00:00,3.5046,73.476
2019-08-22 09:00:00,3.5119,73.571
2019-08-22 10:00:00,3.5515,74.152
2019-08-22 11:00:00,3.5414,73.953
2019-08-22 12:00:00,3.593,73.911
2019-08-22 13:00:00,3.59416642,73.668
2019-08-22 14:00:00,3.62395696,73.825
2019-08-22 15:00:00,3.636,74.03399999999998
2019-08-22 16:00:00,3.6594,74.074
2019-08-22 17:00:00,3.68815707,73.95
2019-08-22 18:00:00,3.6839,74.021
2019-08-22 19:00:00,3.66224036,73.795
2019-08-22 20:00:00,3.6725,74.204
2019-08-22 21:00:00,3.6479,73.555
2019-08-22 22:00:00,3.664,73.546
2019-08-22 23:00:00,3.644,73.161
2019-08-23 00:00:00,3.6475,72.972
2019-08-23 01:00:00,3.6491,73.63
2019-08-23 02:00:00,3.6366,73.865
2019-08-23 03:00:00,3.6587,73.84100000000002
2019-08-23 04:00:00,3.6455,74.028
2019-08-23 05:00:00,3.6285,74.389
2019-08-23 06:00:00,3.6679821,73.733
2019-08-23 07:00:00,3.76434,73.455
2019-08-23 08:00:00,3.7077,73.217
2019-08-23 09:00:00,3.6788,72.945
2019-08-23 10:00:00,3.6568,73.411
2019-08-23 11:00:00,3.665,75.063
2019-08-23 12:00:00,3.6765,75.399
2019-08-23 13:00:00,3.7109,75.4
2019-08-23 14:00:00,3.7102,75.437
2019-08-23 15:00:00,3.7101,75.282
2019-08-23 16:00:00,3.6779,75.274
2019-08-23 17:00:00,3.69,75.317
2019-08-23 18:00:00,3.6781355,75.096
2019-08-23 19:00:00,3.6921,75.342
2019-08-23 20:00:00,3.6632,75.432
2019-08-23 21:00:00,3.675,75.59
2019-08-23 22:00:00,3.675,75.388
2019-08-23 23:00:00,3.6832,75.348
2019-08-24 00:00:00,3.6738,74.416
2019-08-24 01:00:00,3.6882,74.595
2019-08-24 02:00:00,3.6404,74.2
2019-08-24 03:00:00,3.65552846,74.324
2019-08-24 04:00:00,3.6425,74.1
2019-08-24 05:00:00,3.64394587,74.308
2019-08-24 06:00:00,3.6452,73.199
2019-08-24 07:00:00,3.6493,72.473
2019-08-24 08:00:00,3.6199,72.725
2019-08-24 09:00:00,3.61,72.801
2019-08-24 10:00:00,3.61202285,72.715
2019-08-24 11:00:00,3.61661932,72.539
2019-08-24 12:00:00,3.60392969,72.3
2019-08-24 13:00:00,3.6206,72.605
2019-08-24 14:00:00,3.6077,72.984
2019-08-24 15:00:00,3.6,73.02600000000002
2019-08-24 16:00:00,3.6278,72.946
2019-08-24 17:00:00,3.6411,73.23899999999998
2019-08-24 18:00:00,3.6575,73.449
2019-08-24 19:00:00,3.6502,73.123
2019-08-24 20:00:00,3.6582,73.617
2019-08-24 21:00:00,3.6574,73.293
2019-08-24 22:00:00,3.6685,73.148
2019-08-24 23:00:00,3.66608966,73.063
2019-08-25 00:00:00,3.6601,73.422
2019-08-25 01:00:00,3.6356,73.298
2019-08-25 02:00:00,3.6511,72.743
2019-08-25 03:00:00,3.6498,72.928
2019-08-25 04:00:00,3.6339,72.895
2019-08-25 05:00:00,3.6268,73.22
2019-08-25 06:00:00,3.6311,73.116
2019-08-25 07:00:00,3.65,73.945
2019-08-25 08:00:00,3.643,74.40100000000002
2019-08-25 09:00:00,3.6636,73.973
2019-08-25 10:00:00,3.6595,74.24
2019-08-25 11:00:00,3.6492,74.0
2019-08-25 12:00:00,3.697,72.979
2019-08-25 13:00:00,3.6765,72.751
2019-08-25 14:00:00,3.59167754,72.33
2019-08-25 15:00:00,3.591,72.52
2019-08-25 16:00:00,3.56739806,72.402
2019-08-25 17:00:00,3.5597,71.567
2019-08-25 18:00:00,3.5565,71.259
2019-08-25 19:00:00,3.53745834,71.03
2019-08-25 20:00:00,3.4784,72.12
2019-08-25 21:00:00,3.5057,72.094
2019-08-25 22:00:00,3.5377,74.922
2019-08-25 23:00:00,3.5479,74.388
2019-08-26 00:00:00,3.6628,74.568
2019-08-26 01:00:00,3.6544,74.12100000000002
2019-08-26 02:00:00,3.6591,74.699
2019-08-26 03:00:00,3.634,74.403
2019-08-26 04:00:00,3.6401,74.268
2019-08-26 05:00:00,3.6318,73.867
2019-08-26 06:00:00,3.6281,73.795
2019-08-26 07:00:00,3.6203,73.837
2019-08-26 08:00:00,3.6135,73.737
2019-08-26 09:00:00,3.61070732,74.05
2019-08-26 10:00:00,3.6041,73.90100000000002
2019-08-26 11:00:00,3.6283,73.587
2019-08-26 12:00:00,3.624,73.844
2019-08-26 13:00:00,3.6103,73.688
2019-08-26 14:00:00,3.596,74.414
2019-08-26 15:00:00,3.5949,74.271
2019-08-26 16:00:00,3.6101,73.718
2019-08-26 17:00:00,3.59414207,73.911
2019-08-26 18:00:00,3.5768,73.327
2019-08-26 19:00:00,3.5865,73.263
2019-08-26 20:00:00,3.5624,73.896
2019-08-26 21:00:00,3.5714,73.675
2019-08-26 22:00:00,3.58090818,73.266
2019-08-26 23:00:00,3.5851,73.365
2019-08-27 00:00:00,3.5832,72.642
2019-08-27 01:00:00,3.5707,72.825
2019-08-27 02:00:00,3.5564,72.899
2019-08-27 03:00:00,3.5487,73.021
2019-08-27 04:00:00,3.5322,72.967
2019-08-27 05:00:00,3.5593,72.968
2019-08-27 06:00:00,3.54191879,73.111
2019-08-27 07:00:00,3.5544,73.14399999999998
2019-08-27 08:00:00,3.5576,73.02
2019-08-27 09:00:00,3.5501355,72.877
2019-08-27 10:00:00,3.5474,72.78
2019-08-27 11:00:00,3.5333,73.217
2019-08-27 12:00:00,3.5339,73.149
2019-08-27 13:00:00,3.56915217,73.604
2019-08-27 14:00:00,3.563,72.939
2019-08-27 15:00:00,3.58,73.055
2019-08-27 16:00:00,3.5853,73.0
2019-08-27 17:00:00,3.5692,72.733
2019-08-27 18:00:00,3.5758,72.565
2019-08-27 19:00:00,3.56959473,72.51
2019-08-27 20:00:00,3.5738,72.301
2019-08-27 21:00:00,3.511,72.903
2019-08-27 22:00:00,3.5282,72.546
2019-08-27 23:00:00,3.5559,72.457
2019-08-28 00:00:00,3.5338,72.221
2019-08-28 01:00:00,3.5377,71.9
2019-08-28 02:00:00,3.5421,71.921
2019-08-28 03:00:00,3.5215,72.273
2019-08-28 04:00:00,3.5133,72.773
2019-08-28 05:00:00,3.5153,72.539
2019-08-28 06:00:00,3.5326,71.759
2019-08-28 07:00:00,3.5284,72.08
2019-08-28 08:00:00,3.5181,71.975
2019-08-28 09:00:00,3.5309,72.07600000000002
2019-08-28 10:00:00,3.52,72.35600000000002
2019-08-28 11:00:00,3.5306,72.082
2019-08-28 12:00:00,3.5192,72.36399999999998
2019-08-28 13:00:00,3.5327,72.336
2019-08-28 14:00:00,3.5388,71.73100000000002
2019-08-28 15:00:00,3.53670033,71.054
2019-08-28 16:00:00,3.5164,66.783
2019-08-28 17:00:00,3.3525,65.938
2019-08-28 18:00:00,3.2099,66.266
2019-08-28 19:00:00,3.22375834,66.782
2019-08-28 20:00:00,3.2337,67.21300000000001
2019-08-28 21:00:00,3.2455,66.831
2019-08-28 22:00:00,3.2724,66.4
2019-08-28 23:00:00,3.2564,66.279
2019-08-29 00:00:00,3.24438378,65.863
2019-08-29 01:00:00,3.237,65.928
2019-08-29 02:00:00,3.209982,66.09100000000001
2019-08-29 03:00:00,3.2125,65.64699999999999
2019-08-29 04:00:00,3.233,65.46
2019-08-29 05:00:00,3.2260000000000004,65.05199999999999
2019-08-29 06:00:00,3.20980401,64.86399999999999
2019-08-29 07:00:00,3.2098,65.215
2019-08-29 08:00:00,3.2076,65.14699999999999
2019-08-29 09:00:00,3.2165,65.249
2019-08-29 10:00:00,3.2057,65.186
2019-08-29 11:00:00,3.1975,65.176
2019-08-29 12:00:00,3.2035,62.964
2019-08-29 13:00:00,3.2037,64.616
2019-08-29 14:00:00,3.0849,64.1
2019-08-29 15:00:00,3.1895,64.8
2019-08-29 16:00:00,3.19571577,64.429
2019-08-29 17:00:00,3.2403,64.344
2019-08-29 18:00:00,3.2118,64.414
2019-08-29 19:00:00,3.2257,64.33
2019-08-29 20:00:00,3.2342,64.024
2019-08-29 21:00:00,3.228,63.63800000000001
2019-08-29 22:00:00,3.2178,63.032
2019-08-29 23:00:00,3.2038,62.85
2019-08-30 00:00:00,3.193,62.37300000000001
2019-08-30 01:00:00,3.1997,63.13
2019-08-30 02:00:00,3.2055,62.988
2019-08-30 03:00:00,3.2262,63.062
2019-08-30 04:00:00,3.227,62.93
2019-08-30 05:00:00,3.2192,63.005
2019-08-30 06:00:00,3.217,63.431
2019-08-30 07:00:00,3.2268,64.317
2019-08-30 08:00:00,3.24755559,63.99100000000001
2019-08-30 09:00:00,3.2715,64.158
2019-08-30 10:00:00,3.2652,64.181
2019-08-30 11:00:00,3.2591,64.59899999999999
2019-08-30 12:00:00,3.2705,64.164
2019-08-30 13:00:00,3.26671232,64.132
2019-08-30 14:00:00,3.2485,64.592
2019-08-30 15:00:00,3.2493,64.39699999999999
2019-08-30 16:00:00,3.222,64.18
2019-08-30 17:00:00,3.21,64.41
2019-08-30 18:00:00,3.2042,65.374
2019-08-30 19:00:00,3.2286,64.944
2019-08-30 20:00:00,3.2236,64.936
2019-08-30 21:00:00,3.2192,64.38
2019-08-30 22:00:00,3.2205,64.175
2019-08-30 23:00:00,3.2154,64.495
2019-08-31 00:00:00,3.2182,64.45100000000001
2019-08-31 01:00:00,3.2302,64.29
2019-08-31 02:00:00,3.2236,64.32600000000001
2019-08-31 03:00:00,3.2287,64.275
2019-08-31 04:00:00,3.22,63.916
2019-08-31 05:00:00,3.2213,63.683
2019-08-31 06:00:00,3.2094,63.765
2019-08-31 07:00:00,3.20757522,63.82899999999999
2019-08-31 08:00:00,3.2042,63.941
2019-08-31 09:00:00,3.21,63.585
2019-08-31 10:00:00,3.2168,64.087
2019-08-31 11:00:00,3.2310000000000003,64.188
2019-08-31 12:00:00,3.2339,63.31100000000001
2019-08-31 13:00:00,3.2228,63.851000000000006
2019-08-31 14:00:00,3.2121,63.826
2019-08-31 15:00:00,3.2179,63.68
2019-08-31 16:00:00,3.2361,63.499
2019-08-31 17:00:00,3.2459,63.65600000000001
2019-08-31 18:00:00,3.2632,62.77
2019-08-31 19:00:00,3.2641,65.024
2019-08-31 20:00:00,3.2258,64.955
2019-08-31 21:00:00,3.38,64.54899999999999
2019-08-31 22:00:00,3.3588,64.956
2019-08-31 23:00:00,3.34124254,64.928
2019-09-01 00:00:00,3.3384,64.928
2019-09-01 01:00:00,3.3367,65.0
2019-09-01 02:00:00,3.3216,65.041
2019-09-01 03:00:00,3.3244,64.928
2019-09-01 04:00:00,3.3338,64.942
2019-09-01 05:00:00,3.3256,65.09899999999999
2019-09-01 06:00:00,3.3301,64.723
2019-09-01 07:00:00,3.3336,64.863
2019-09-01 08:00:00,3.2731,64.7
2019-09-01 09:00:00,3.2814,64.638
2019-09-01 10:00:00,3.2813,64.732
2019-09-01 11:00:00,3.2742,64.617
2019-09-01 12:00:00,3.2661,64.617
2019-09-01 13:00:00,3.2652,65.119
2019-09-01 14:00:00,3.27055521,64.861
2019-09-01 15:00:00,3.2956,64.931
2019-09-01 16:00:00,3.2586,65.294
2019-09-01 17:00:00,3.1911,66.652
2019-09-01 18:00:00,3.214,66.473
2019-09-01 19:00:00,3.23780091,66.709
2019-09-01 20:00:00,3.2476,66.79899999999999
2019-09-01 21:00:00,3.2535,66.158
2019-09-01 22:00:00,3.2816,66.429
2019-09-01 23:00:00,3.2703,66.117
2019-09-02 00:00:00,3.2559,66.157
2019-09-02 01:00:00,3.2584,66.039
2019-09-02 02:00:00,3.2592,66.161
2019-09-02 03:00:00,3.2583,65.965
2019-09-02 04:00:00,3.2705,65.331
2019-09-02 05:00:00,3.25997511,65.417
2019-09-02 06:00:00,3.2351,65.384
2019-09-02 07:00:00,3.2386,65.375
2019-09-02 08:00:00,3.232,65.65
2019-09-02 09:00:00,3.2312,66.016
2019-09-02 10:00:00,3.2555,65.688
2019-09-02 11:00:00,3.2789,65.891
2019-09-02 12:00:00,3.2676,66.0
2019-09-02 13:00:00,3.2849,65.949
2019-09-02 14:00:00,3.2886,65.865
2019-09-02 15:00:00,3.2837,66.425
2019-09-02 16:00:00,3.29655861,66.77
2019-09-02 17:00:00,3.3388,66.72
2019-09-02 18:00:00,3.3337,67.77199999999999
2019-09-02 19:00:00,3.3372,67.388
2019-09-02 20:00:00,3.3547,66.884
2019-09-02 21:00:00,3.3377,67.22399999999999
2019-09-02 22:00:00,3.3315,67.13
2019-09-02 23:00:00,3.3322,66.85
2019-09-03 00:00:00,3.3366,66.998
2019-09-03 01:00:00,3.3299,67.123
2019-09-03 02:00:00,3.3477,67.252
2019-09-03 03:00:00,3.3437,67.21600000000001
2019-09-03 04:00:00,3.3459,67.34
2019-09-03 05:00:00,3.3469,67.139
2019-09-03 06:00:00,3.3453,67.689
2019-09-03 07:00:00,3.3436,67.181
2019-09-03 08:00:00,3.35063512,67.658
2019-09-03 09:00:00,3.3224,68.693
2019-09-03 10:00:00,3.33688135,69.493
2019-09-03 11:00:00,3.3436,69.16
2019-09-03 12:00:00,3.3633,69.045
2019-09-03 13:00:00,3.4206,69.155
2019-09-03 14:00:00,3.424,69.065
2019-09-03 15:00:00,3.4362,68.747
2019-09-03 16:00:00,3.4082,68.81
2019-09-03 17:00:00,3.3841,69.204
2019-09-03 18:00:00,3.3837,69.661
2019-09-03 19:00:00,3.3932,69.707
2019-09-03 20:00:00,3.4166,70.792
2019-09-03 21:00:00,3.4022,69.32
2019-09-03 22:00:00,3.4326,69.222
2019-09-03 23:00:00,3.3622,68.373
2019-09-04 00:00:00,3.3519,68.12100000000001
2019-09-04 01:00:00,3.3533,68.365
2019-09-04 02:00:00,3.3573,68.34899999999999
2019-09-04 03:00:00,3.3636,68.143
2019-09-04 04:00:00,3.3479,67.887
2019-09-04 05:00:00,3.357,68.123
2019-09-04 06:00:00,3.36044664,67.292
2019-09-04 07:00:00,3.3529,67.361
2019-09-04 08:00:00,3.3322,67.723
2019-09-04 09:00:00,3.3302,67.71600000000001
2019-09-04 10:00:00,3.3465,67.34100000000001
2019-09-04 11:00:00,3.3444,67.102
2019-09-04 12:00:00,3.3348,67.125
2019-09-04 13:00:00,3.3127,67.22800000000001
2019-09-04 14:00:00,3.3056,67.672
2019-09-04 15:00:00,3.3107,68.13600000000001
2019-09-04 16:00:00,3.3531,67.827
2019-09-04 17:00:00,3.3545,68.268
2019-09-04 18:00:00,3.3314,67.435
2019-09-04 19:00:00,3.353,67.72
2019-09-04 20:00:00,3.3304,67.149
2019-09-04 21:00:00,3.3394,67.227
2019-09-04 22:00:00,3.3077,67.082
2019-09-04 23:00:00,3.3145,67.065
2019-09-05 00:00:00,3.3,67.012
2019-09-05 01:00:00,3.3041,67.194
2019-09-05 02:00:00,3.3094,67.37899999999999
2019-09-05 03:00:00,3.3074,67.219
2019-09-05 04:00:00,3.3244,67.008
2019-09-05 05:00:00,3.3266,67.045
2019-09-05 06:00:00,3.3156,67.314
2019-09-05 07:00:00,3.31445666,67.01
2019-09-05 08:00:00,3.3208,65.973
2019-09-05 09:00:00,3.3016,65.51
2019-09-05 10:00:00,3.2746,65.535
2019-09-05 11:00:00,3.26011419,65.666
2019-09-05 12:00:00,3.267,65.208
2019-09-05 13:00:00,3.2671,65.265
2019-09-05 14:00:00,3.2463,64.921
2019-09-05 15:00:00,3.2499,64.706
2019-09-05 16:00:00,3.2364,64.734
2019-09-05 17:00:00,3.2077,64.442
2019-09-05 18:00:00,3.2221,64.596
2019-09-05 19:00:00,3.2179,65.277
2019-09-05 20:00:00,3.21341867,65.387
2019-09-05 21:00:00,3.2308,65.29
2019-09-05 22:00:00,3.2544,65.2
2019-09-05 23:00:00,3.2715,65.211
2019-09-06 00:00:00,3.2637,66.279
2019-09-06 01:00:00,3.27,66.107
2019-09-06 02:00:00,3.2854,66.62
2019-09-06 03:00:00,3.2882,66.88600000000001
2019-09-06 04:00:00,3.3059,66.85
2019-09-06 05:00:00,3.2958,66.976
2019-09-06 06:00:00,3.2928,66.86
2019-09-06 07:00:00,3.3018,67.49
2019-09-06 08:00:00,3.2865,67.47800000000001
2019-09-06 09:00:00,3.2996,67.491
2019-09-06 10:00:00,3.325,67.245
2019-09-06 11:00:00,3.3325,67.373
2019-09-06 12:00:00,3.3217,66.944
2019-09-06 13:00:00,3.3317,67.015
2019-09-06 14:00:00,3.329,67.414
2019-09-06 15:00:00,3.33432335,65.584
2019-09-06 16:00:00,3.3273,65.476
2019-09-06 17:00:00,3.2654,65.321
2019-09-06 18:00:00,3.2399,65.21
2019-09-06 19:00:00,3.2449,65.525
2019-09-06 20:00:00,3.1914,65.205
2019-09-06 21:00:00,3.214,65.08
2019-09-06 22:00:00,3.1984,65.00399999999999
2019-09-06 23:00:00,3.219,65.081
2019-09-07 00:00:00,3.2061,64.935
2019-09-07 01:00:00,3.2164,64.734
2019-09-07 02:00:00,3.2096,64.98899999999999
2019-09-07 03:00:00,3.2065,65.041
2019-09-07 04:00:00,3.2243,64.964
2019-09-07 05:00:00,3.2263,65.05199999999999
2019-09-07 06:00:00,3.2132,65.297
2019-09-07 07:00:00,3.2307,65.199
2019-09-07 08:00:00,3.2256,65.381
2019-09-07 09:00:00,3.22419763,67.243
2019-09-07 10:00:00,3.2183,66.655
2019-09-07 11:00:00,3.2602,66.807
2019-09-07 12:00:00,3.2538,68.766
2019-09-07 13:00:00,3.257,69.07600000000001
2019-09-07 14:00:00,3.3204,70.086
2019-09-07 15:00:00,3.43474406,69.836
2019-09-07 16:00:00,3.5361,69.597
2019-09-07 17:00:00,3.5529,69.619
2019-09-07 18:00:00,3.556,69.535
2019-09-07 19:00:00,3.5623,69.51100000000001
2019-09-07 20:00:00,3.5862,68.98100000000001
2019-09-07 21:00:00,3.6625,69.03
2019-09-07 22:00:00,3.5956,69.673
2019-09-07 23:00:00,3.5791,69.128
2019-09-08 00:00:00,3.5875,69.325
2019-09-08 01:00:00,3.5808,71.2
2019-09-08 02:00:00,3.5967,70.903
2019-09-08 03:00:00,3.6508,70.995
2019-09-08 04:00:00,3.6299,71.04
2019-09-08 05:00:00,3.619,70.791
2019-09-08 06:00:00,3.6211,70.531
2019-09-08 07:00:00,3.6122,70.516
2019-09-08 08:00:00,3.6198,70.598
2019-09-08 09:00:00,3.6255,69.55199999999999
2019-09-08 10:00:00,3.6365,69.289
2019-09-08 11:00:00,3.5897,69.117
2019-09-08 12:00:00,3.6114,70.884
2019-09-08 13:00:00,3.6314,70.92399999999998
2019-09-08 14:00:00,3.7496,70.32
2019-09-08 15:00:00,3.7651,69.777
2019-09-08 16:00:00,3.7249,69.983
2019-09-08 17:00:00,3.7097,69.418
2019-09-08 18:00:00,3.7148,69.626
2019-09-08 19:00:00,3.7067,70.274
2019-09-08 20:00:00,3.7017,70.764
2019-09-08 21:00:00,3.7442,70.624
2019-09-08 22:00:00,3.749,70.51100000000002
2019-09-08 23:00:00,3.7887,70.505
2019-09-09 00:00:00,3.7383,69.49600000000001
2019-09-09 01:00:00,3.7277,69.133
2019-09-09 02:00:00,3.6751,69.175
2019-09-09 03:00:00,3.6921,69.126
2019-09-09 04:00:00,3.6859,68.68
2019-09-09 05:00:00,3.6828,68.86
2019-09-09 06:00:00,3.6658,68.998
2019-09-09 07:00:00,3.6712,70.207
2019-09-09 08:00:00,3.7282,70.899
2019-09-09 09:00:00,3.8937,70.717
2019-09-09 10:00:00,3.8821,70.411
2019-09-09 11:00:00,3.8555,70.362
2019-09-09 12:00:00,3.887,69.965
2019-09-09 13:00:00,3.9166,69.71
2019-09-09 14:00:00,3.9085,69.387
2019-09-09 15:00:00,3.8762,70.107
2019-09-09 16:00:00,3.873,69.28699999999999
2019-09-09 17:00:00,3.904,69.832
2019-09-09 18:00:00,3.8727,69.381
2019-09-09 19:00:00,3.885,69.39
2019-09-09 20:00:00,3.8954,70.4
2019-09-09 21:00:00,3.8791,70.046
2019-09-09 22:00:00,3.9245,70.807
2019-09-09 23:00:00,3.8797,72.095
2019-09-10 00:00:00,3.8854,71.811
2019-09-10 01:00:00,3.8942,71.94800000000002
2019-09-10 02:00:00,3.896,71.779
2019-09-10 03:00:00,3.8759,71.84100000000002
2019-09-10 04:00:00,3.8587,71.994
2019-09-10 05:00:00,3.8426,71.917
2019-09-10 06:00:00,3.857,71.518
2019-09-10 07:00:00,3.8889,70.811
2019-09-10 08:00:00,3.8444,70.738
2019-09-10 09:00:00,3.8389,71.17399999999998
2019-09-10 10:00:00,3.8251,71.06
2019-09-10 11:00:00,3.8423,70.84
2019-09-10 12:00:00,3.8356,70.29
2019-09-10 13:00:00,3.7841,70.339
2019-09-10 14:00:00,3.8241,71.711
2019-09-10 15:00:00,3.7831,71.992
2019-09-10 16:00:00,3.778,71.3
2019-09-10 17:00:00,3.739,70.824
2019-09-10 18:00:00,3.7153,71.09899999999998
2019-09-10 19:00:00,3.7258,70.615
2019-09-10 20:00:00,3.7746,70.532
2019-09-10 21:00:00,3.784,70.9
2019-09-10 22:00:00,3.7501,71.176
2019-09-10 23:00:00,3.7827,70.811
2019-09-11 00:00:00,3.8008,70.669
2019-09-11 01:00:00,3.7468,70.72800000000002
2019-09-11 02:00:00,3.7348,70.699
2019-09-11 03:00:00,3.7421,70.406
2019-09-11 04:00:00,3.726,70.67699999999998
2019-09-11 05:00:00,3.7241,71.013
2019-09-11 06:00:00,3.734,70.61
2019-09-11 07:00:00,3.7516,70.257
2019-09-11 08:00:00,3.7254,71.28
2019-09-11 09:00:00,3.7229,70.921
2019-09-11 10:00:00,3.757,71.146
2019-09-11 11:00:00,3.7498,70.444
2019-09-11 12:00:00,3.752,69.83800000000001
2019-09-11 13:00:00,3.7091,69.036
2019-09-11 14:00:00,3.7129,69.101
2019-09-11 15:00:00,3.6751,68.834
2019-09-11 16:00:00,3.6975,69.0
2019-09-11 17:00:00,3.6817,68.935
2019-09-11 18:00:00,3.69785395,68.781
2019-09-11 19:00:00,3.6973,69.664
2019-09-11 20:00:00,3.7012,69.87899999999999
2019-09-11 21:00:00,3.7376,70.03399999999999
2019-09-11 22:00:00,3.7371,69.556
2019-09-11 23:00:00,3.7614,69.34100000000001
2019-09-12 00:00:00,3.7411,69.333
2019-09-12 01:00:00,3.7326,69.54
2019-09-12 02:00:00,3.7428,69.399
2019-09-12 03:00:00,3.7393,69.3
2019-09-12 04:00:00,3.7261,68.84899999999999
2019-09-12 05:00:00,3.728,68.70100000000001
2019-09-12 06:00:00,3.7085,69.09100000000001
2019-09-12 07:00:00,3.704,68.921
2019-09-12 08:00:00,3.7228,69.25399999999999
2019-09-12 09:00:00,3.6976,69.235
2019-09-12 10:00:00,3.71412822,69.384
2019-09-12 11:00:00,3.7212,70.038
2019-09-12 12:00:00,3.7309,69.814
2019-09-12 13:00:00,3.7891,69.538
2019-09-12 14:00:00,3.765,69.33800000000001
2019-09-12 15:00:00,3.7508,69.105
2019-09-12 16:00:00,3.7251,69.2
2019-09-12 17:00:00,3.7332,68.962
2019-09-12 18:00:00,3.7371,69.109
2019-09-12 19:00:00,3.7497,69.41
2019-09-12 20:00:00,3.7413,69.138
2019-09-12 21:00:00,3.7635,69.42399999999999
2019-09-12 22:00:00,3.7517,69.194
2019-09-12 23:00:00,3.7536,69.15100000000001
2019-09-13 00:00:00,3.7365,69.469
2019-09-13 01:00:00,3.7318,69.36399999999999
2019-09-13 02:00:00,3.7372,69.374
2019-09-13 03:00:00,3.7535,69.289
2019-09-13 04:00:00,3.7369,69.101
2019-09-13 05:00:00,3.73,68.824
2019-09-13 06:00:00,3.7319,69.083
2019-09-13 07:00:00,3.739,68.83
2019-09-13 08:00:00,3.7273,68.81
2019-09-13 09:00:00,3.7208,69.206
2019-09-13 10:00:00,3.7083,69.172
2019-09-13 11:00:00,3.7233,68.904
2019-09-13 12:00:00,3.7222,68.632
2019-09-13 13:00:00,3.7138,68.7
2019-09-13 14:00:00,3.6896,68.744
2019-09-13 15:00:00,3.7037,67.928
2019-09-13 16:00:00,3.7118,67.796
2019-09-13 17:00:00,3.7086,67.83800000000001
2019-09-13 18:00:00,3.7288,68.316
2019-09-13 19:00:00,3.7351,68.54
2019-09-13 20:00:00,3.7256,68.241
2019-09-13 21:00:00,3.7302,69.251
2019-09-13 22:00:00,3.73,68.777
2019-09-13 23:00:00,3.7348,68.908
2019-09-14 00:00:00,3.7296,68.762
2019-09-14 01:00:00,3.7187,68.89699999999999
2019-09-14 02:00:00,3.7169,68.756
2019-09-14 03:00:00,3.7155,68.90100000000001
2019-09-14 04:00:00,3.7106,68.821
2019-09-14 05:00:00,3.7139,68.971
2019-09-14 06:00:00,3.7192,68.756
2019-09-14 07:00:00,3.7336,68.727
2019-09-14 08:00:00,3.7251,68.745
2019-09-14 09:00:00,3.7132,68.721
2019-09-14 10:00:00,3.7133,68.529
2019-09-14 11:00:00,3.7145,69.955
2019-09-14 12:00:00,3.708,70.42399999999998
2019-09-14 13:00:00,3.8789,70.538
2019-09-14 14:00:00,3.9602,70.77
2019-09-14 15:00:00,3.9453,71.266
2019-09-14 16:00:00,4.0414,70.91199999999998
2019-09-14 17:00:00,4.0388,71.128
2019-09-14 18:00:00,4.045,71.387
2019-09-14 19:00:00,4.0893,70.899
2019-09-14 20:00:00,4.0944,70.833
2019-09-14 21:00:00,4.0617,70.792
2019-09-14 22:00:00,4.0426,71.282
2019-09-14 23:00:00,4.0403,71.09899999999998
2019-09-15 00:00:00,4.0457,70.756
2019-09-15 01:00:00,4.053,70.181
2019-09-15 02:00:00,4.0587,70.455
2019-09-15 03:00:00,4.0272,70.58
2019-09-15 04:00:00,4.0481,70.9
2019-09-15 05:00:00,4.0502,70.68
2019-09-15 06:00:00,4.0722,70.57
2019-09-15 07:00:00,4.0619,70.37100000000002
2019-09-15 08:00:00,4.06,70.794
2019-09-15 09:00:00,4.0673,70.715
2019-09-15 10:00:00,4.137,70.76899999999998
2019-09-15 11:00:00,4.10509909,70.275
2019-09-15 12:00:00,4.1182,70.19800000000001
2019-09-15 13:00:00,4.0801,70.557
2019-09-15 14:00:00,4.046,70.036
2019-09-15 15:00:00,4.074,70.118
2019-09-15 16:00:00,4.0486,70.078
2019-09-15 17:00:00,4.0519,70.358
2019-09-15 18:00:00,4.0456,70.373
2019-09-15 19:00:00,4.0531,70.293
2019-09-15 20:00:00,4.0544,70.468
2019-09-15 21:00:00,4.0788,70.324
2019-09-15 22:00:00,4.0706,71.62899999999998
2019-09-15 23:00:00,4.0849,71.96
2019-09-16 00:00:00,4.1106,71.884
2019-09-16 01:00:00,4.1448,71.396
2019-09-16 02:00:00,4.1306,71.775
2019-09-16 03:00:00,4.0999,71.811
2019-09-16 04:00:00,4.1080000000000005,71.53
2019-09-16 05:00:00,4.1018,71.49600000000002
2019-09-16 06:00:00,4.0936,71.05
2019-09-16 07:00:00,4.125,70.952
2019-09-16 08:00:00,4.087,71.012
2019-09-16 09:00:00,4.0472,71.0
2019-09-16 10:00:00,4.0355,70.081
2019-09-16 11:00:00,4.0424,69.941
2019-09-16 12:00:00,3.989,70.343
2019-09-16 13:00:00,4.004,70.143
2019-09-16 14:00:00,3.9977,70.551
2019-09-16 15:00:00,3.989,70.96
2019-09-16 16:00:00,4.0142,70.88
2019-09-16 17:00:00,4.02795111,70.88
2019-09-16 18:00:00,4.0362,71.801
2019-09-16 19:00:00,4.0356,73.127
2019-09-16 20:00:00,4.103,72.959
2019-09-16 21:00:00,4.11919117,72.986
2019-09-16 22:00:00,4.1031,72.812
2019-09-16 23:00:00,4.1007,72.801
2019-09-17 00:00:00,4.07094728,72.71300000000002
2019-09-17 01:00:00,4.0743,72.596
2019-09-17 02:00:00,4.0734,72.595
2019-09-17 03:00:00,4.0686,73.041
2019-09-17 04:00:00,4.0471,73.047
2019-09-17 05:00:00,4.0796,73.17
2019-09-17 06:00:00,4.0724,72.945
2019-09-17 07:00:00,4.0941,72.8
2019-09-17 08:00:00,4.0607,72.902
2019-09-17 09:00:00,4.05685794,72.788
2019-09-17 10:00:00,4.0795,73.958
2019-09-17 11:00:00,4.0736,73.64699999999998
2019-09-17 12:00:00,4.1087,73.868
2019-09-17 13:00:00,4.0924,73.66199999999998
2019-09-17 14:00:00,4.1162,75.39399999999998
2019-09-17 15:00:00,4.1146,75.538
2019-09-17 16:00:00,4.18749793,75.205
2019-09-17 17:00:00,4.206,75.45100000000002
2019-09-17 18:00:00,4.1601,77.209
2019-09-17 19:00:00,4.2174,75.869
2019-09-17 20:00:00,4.2035,75.727
2019-09-17 21:00:00,4.1742,74.399
2019-09-17 22:00:00,4.1933,75.47399999999998
2019-09-17 23:00:00,4.0783,75.187
2019-09-18 00:00:00,4.117,75.70100000000002
2019-09-18 01:00:00,4.1341,75.44
2019-09-18 02:00:00,4.1418,76.27199999999998
2019-09-18 03:00:00,4.1129,76.279
2019-09-18 04:00:00,4.1226,75.928
2019-09-18 05:00:00,4.1138,76.639
2019-09-18 06:00:00,4.12774973,75.8
2019-09-18 07:00:00,4.1202,75.72800000000002
2019-09-18 08:00:00,4.069,76.016
2019-09-18 09:00:00,4.0848,75.563
2019-09-18 10:00:00,4.102,75.458
2019-09-18 11:00:00,4.0838,76.242
2019-09-18 12:00:00,4.1018,77.38
2019-09-18 13:00:00,4.1519,77.706
2019-09-18 14:00:00,4.1357,80.196
2019-09-18 15:00:00,4.1198,79.617
2019-09-18 16:00:00,4.1672,78.79
2019-09-18 17:00:00,4.1391,78.873
2019-09-18 18:00:00,4.1092,78.402
2019-09-18 19:00:00,4.1074,78.54
2019-09-18 20:00:00,4.11065405,78.89699999999998
2019-09-18 21:00:00,4.1168,77.935
2019-09-18 22:00:00,4.1252,77.07
2019-09-18 23:00:00,4.0952,75.822
2019-09-19 00:00:00,4.0788,75.985
2019-09-19 01:00:00,4.0293,73.613
2019-09-19 02:00:00,4.0083,73.55
2019-09-19 03:00:00,3.8951,74.093
2019-09-19 04:00:00,3.886,74.22399999999998
2019-09-19 05:00:00,3.8791,74.1
2019-09-19 06:00:00,3.8784,74.64399999999998
2019-09-19 07:00:00,3.8827,74.732
2019-09-19 08:00:00,3.8963,74.393
2019-09-19 09:00:00,3.8647,74.263
2019-09-19 10:00:00,3.8726,74.53
2019-09-19 11:00:00,3.8591,74.767
2019-09-19 12:00:00,3.8692,74.267
2019-09-19 13:00:00,3.8661,74.744
2019-09-19 14:00:00,3.8566,76.128
2019-09-19 15:00:00,3.8948,76.727
2019-09-19 16:00:00,3.9484,77.138
2019-09-19 17:00:00,3.936,77.133
2019-09-19 18:00:00,3.9448,76.253
2019-09-19 19:00:00,3.9621,76.2
2019-09-19 20:00:00,3.9545404,76.808
2019-09-19 21:00:00,3.9975,77.02600000000002
2019-09-19 22:00:00,3.9672,75.6
2019-09-19 23:00:00,3.9786,75.884
2019-09-20 00:00:00,3.9411,75.70100000000002
2019-09-20 01:00:00,3.9201,75.56
2019-09-20 02:00:00,3.8989,75.257
2019-09-20 03:00:00,3.9364,74.89399999999998
2019-09-20 04:00:00,3.93,75.77600000000002
2019-09-20 05:00:00,3.9074,75.63600000000002
2019-09-20 06:00:00,3.9228,75.806
2019-09-20 07:00:00,3.9115,75.656
2019-09-20 08:00:00,3.9161,75.741
2019-09-20 09:00:00,3.9127,75.805
2019-09-20 10:00:00,3.907,76.2
2019-09-20 11:00:00,3.9135,76.188
2019-09-20 12:00:00,3.9255,75.31
2019-09-20 13:00:00,3.912,75.439
2019-09-20 14:00:00,3.896,74.305
2019-09-20 15:00:00,3.9041,74.416
2019-09-20 16:00:00,3.8795,74.482
2019-09-20 17:00:00,3.9015,74.503
2019-09-20 18:00:00,3.9138,74.545
2019-09-20 19:00:00,3.9149,74.493
2019-09-20 20:00:00,3.9089,74.406
2019-09-20 21:00:00,3.9083,75.303
2019-09-20 22:00:00,3.9347,75.173
2019-09-20 23:00:00,4.0202,75.306
2019-09-21 00:00:00,4.0139999999999985,74.994
2019-09-21 01:00:00,4.0208,74.837
2019-09-21 02:00:00,4.0477,74.555
2019-09-21 03:00:00,4.0427,74.919
2019-09-21 04:00:00,4.0171,74.748
2019-09-21 05:00:00,4.0423,74.818
2019-09-21 06:00:00,4.0361,74.374
2019-09-21 07:00:00,4.0169,73.76
2019-09-21 08:00:00,4.0255,73.592
2019-09-21 09:00:00,3.9845,73.71600000000002
2019-09-21 10:00:00,3.9949,73.374
2019-09-21 11:00:00,4.05,73.798
2019-09-21 12:00:00,4.02,73.68
2019-09-21 13:00:00,4.0241,74.181
2019-09-21 14:00:00,4.0209,73.597
2019-09-21 15:00:00,4.021,73.008
2019-09-21 16:00:00,4.0496,73.36399999999998
2019-09-21 17:00:00,4.0225,73.255
2019-09-21 18:00:00,4.0063,73.047
2019-09-21 19:00:00,4.0139999999999985,73.152
2019-09-21 20:00:00,3.9865,73.45100000000002
2019-09-21 21:00:00,3.9966,73.387
2019-09-21 22:00:00,4.0195,72.85
2019-09-21 23:00:00,4.0111,71.737
2019-09-22 00:00:00,3.9977,72.042
2019-09-22 01:00:00,3.9278,71.52199999999998
2019-09-22 02:00:00,3.9281,71.795
2019-09-22 03:00:00,3.8833,72.306
2019-09-22 04:00:00,3.8745,72.227
2019-09-22 05:00:00,3.8859,72.605
2019-09-22 06:00:00,3.8928,72.4
2019-09-22 07:00:00,3.9125,72.632
2019-09-22 08:00:00,3.8953,72.434
2019-09-22 09:00:00,3.8996,72.265
2019-09-22 10:00:00,3.8946,72.624
2019-09-22 11:00:00,3.8988,72.417
2019-09-22 12:00:00,3.9133,72.598
2019-09-22 13:00:00,3.8977,72.395
2019-09-22 14:00:00,3.9031,71.97399999999998
2019-09-22 15:00:00,3.8919,71.795
2019-09-22 16:00:00,3.7901,71.616
2019-09-22 17:00:00,3.7823,71.89399999999998
2019-09-22 18:00:00,3.7701,72.134
2019-09-22 19:00:00,3.7622,72.53
2019-09-22 20:00:00,3.7906,72.562
2019-09-22 21:00:00,3.8199,72.307
2019-09-22 22:00:00,3.8254,72.062
2019-09-22 23:00:00,3.8237,71.88
2019-09-23 00:00:00,3.793,71.931
2019-09-23 01:00:00,3.79323116,72.133
2019-09-23 02:00:00,3.792,72.48899999999998
2019-09-23 03:00:00,3.7909,72.441
2019-09-23 04:00:00,3.802,73.432
2019-09-23 05:00:00,3.7853,73.383
2019-09-23 06:00:00,3.7889,73.943
2019-09-23 07:00:00,3.7916,73.516
2019-09-23 08:00:00,3.8104,73.41
2019-09-23 09:00:00,3.8269,73.305
2019-09-23 10:00:00,3.81765442,73.068
2019-09-23 11:00:00,3.8049,72.942
2019-09-23 12:00:00,3.7939,72.755
2019-09-23 13:00:00,3.7986,72.807
2019-09-23 14:00:00,3.8329,72.154
2019-09-23 15:00:00,3.8283,72.145
2019-09-23 16:00:00,3.8492,72.392
2019-09-23 17:00:00,3.8369,72.016
2019-09-23 18:00:00,3.835,68.83800000000001
2019-09-23 19:00:00,3.8269,66.8
2019-09-23 20:00:00,3.7924,66.88600000000001
2019-09-23 21:00:00,3.7471,66.403
2019-09-23 22:00:00,3.7271,67.11399999999999
2019-09-23 23:00:00,3.6922,67.184
2019-09-24 00:00:00,3.705,66.919
2019-09-24 01:00:00,3.7056,66.5
2019-09-24 02:00:00,3.6972,66.91
2019-09-24 03:00:00,3.6867,67.0
2019-09-24 04:00:00,3.6988,66.75399999999999
2019-09-24 05:00:00,3.691,66.872
2019-09-24 06:00:00,3.6786,66.502
2019-09-24 07:00:00,3.6836,66.962
2019-09-24 08:00:00,3.6745,66.8
2019-09-24 09:00:00,3.6843,66.855
2019-09-24 10:00:00,3.6613,66.16
2019-09-24 11:00:00,3.6565,65.68
2019-09-24 12:00:00,3.5776,65.304
2019-09-24 13:00:00,3.5725,65.619
2019-09-24 14:00:00,3.4924,64.9
2019-09-24 15:00:00,3.38354115,65.208
2019-09-24 16:00:00,3.33414023,56.82
2019-09-24 17:00:00,3.345,58.912
2019-09-24 18:00:00,2.96,57.231
2019-09-24 19:00:00,2.679,56.932
2019-09-24 20:00:00,2.6916,57.209
2019-09-24 21:00:00,2.787,54.721
2019-09-24 22:00:00,2.863,56.359
2019-09-24 23:00:00,2.7669,57.512
2019-09-25 00:00:00,2.89403757,56.739
2019-09-25 01:00:00,2.94698447,57.095
2019-09-25 02:00:00,2.8657,56.67
2019-09-25 03:00:00,2.8804,56.904
2019-09-25 04:00:00,2.8463,56.218
2019-09-25 05:00:00,2.855,55.084
2019-09-25 06:00:00,2.83003944,54.3
2019-09-25 07:00:00,2.7388,55.732
2019-09-25 08:00:00,2.768,55.213
2019-09-25 09:00:00,2.8516,54.673
2019-09-25 10:00:00,2.8437,54.854
2019-09-25 11:00:00,2.80961102,55.648
2019-09-25 12:00:00,2.8155,55.598
2019-09-25 13:00:00,2.844,55.24100000000001
2019-09-25 14:00:00,2.8192,57.28
2019-09-25 15:00:00,2.7998,
2019-09-25 16:00:00,2.9104,
2019-09-25 17:40:24.608157,2.8817,57.328
2019-09-25 17:40:30.582457,2.8817,57.3545
2019-09-25 17:40:40.548914,2.8811,57.338
2019-09-25 17:40:50.903414,2.88185,57.298
2019-09-25 17:41:00.557885,2.8804,57.301
2019-09-25 17:41:10.547396,2.87835,57.295
2019-09-25 17:41:20.543178,2.87765,57.218999999999994
2019-09-25 17:41:30.550602,2.87785,57.2325
2019-09-25 17:41:40.539011,2.87685,57.2315
2019-09-25 17:41:50.539865,2.87765,57.233
